{
  "best_epoch": 6,
  "best_val_macro_f1": 0.6736842105263158,
  "test": {
    "accuracy": 0.8125,
    "precision": 0.8928571428571429,
    "recall": 0.8928571428571429,
    "f1": 0.8928571428571429,
    "macro_precision": 0.5714285714285714,
    "macro_recall": 0.5714285714285714,
    "macro_f1": 0.5714285714285714,
    "auc": 0.4464285714285714,
    "loss": 0.41004031896591187
  },
  "args": {
    "data_root": "database/data",
    "dataset": "politifact",
    "features": [
      "profile"
    ],
    "epochs": 50,
    "batch_size": 32,
    "hidden_dim": 128,
    "graph_layers": 2,
    "pooling": "mean_max",
    "dropout": 0.3,
    "lr": 0.001,
    "weight_decay": 0.0001,
    "seed": 44,
    "device": "auto",
    "num_workers": 0,
    "class_weight": "balanced",
    "output_dir": "outputs/ablations/profile_only_graph/seed_44",
    "patience": 10,
    "max_train_batches": null,
    "max_eval_batches": null,
    "no_reverse_edges": false
  }
}