{
  "best_epoch": 5,
  "best_val_macro_f1": 0.9760806343450819,
  "test": {
    "accuracy": 0.9351005484460695,
    "precision": 0.9059233449477352,
    "recall": 0.9683426443202979,
    "f1": 0.9360936093609361,
    "macro_precision": 0.9366155186277138,
    "macro_recall": 0.9356973544761273,
    "macro_f1": 0.935084873389846,
    "auc": 0.9791480697672086,
    "loss": 0.19208641374786767
  },
  "args": {
    "data_root": "database/data",
    "dataset": "gossipcop",
    "features": [
      "bert",
      "profile"
    ],
    "epochs": 50,
    "batch_size": 32,
    "hidden_dim": 128,
    "graph_layers": 2,
    "pooling": "mean_max",
    "dropout": 0.3,
    "lr": 0.001,
    "weight_decay": 0.0001,
    "seed": 44,
    "device": "auto",
    "num_workers": 0,
    "class_weight": "balanced",
    "output_dir": "outputs/ablations/bert_profile_graph/seed_44",
    "patience": 10,
    "max_train_batches": null,
    "max_eval_batches": null,
    "no_reverse_edges": false
  }
}