{
  "best_epoch": 2,
  "best_val_macro_f1": 0.7997799779977998,
  "val": {
    "accuracy": 0.8021978021978022,
    "precision": 0.8042553191489362,
    "recall": 0.7529880478087649,
    "f1": 0.7777777777777778,
    "macro_precision": 0.8024492029828283,
    "macro_recall": 0.7985279222094672,
    "macro_f1": 0.7997799779977998,
    "auc": 0.868579917617665,
    "loss": 0.4979911944368383
  },
  "test": {
    "accuracy": 0.7687385740402194,
    "precision": 0.8271889400921659,
    "recall": 0.6685288640595903,
    "f1": 0.7394438722966015,
    "macro_precision": 0.7787459851975982,
    "macro_recall": 0.7669394769130986,
    "macro_f1": 0.7657778112510123,
    "auc": 0.8479450635052773,
    "loss": 0.5252731393416578
  },
  "args": {
    "data_root": "database/data",
    "dataset": "gossipcop",
    "features": [
      "bert"
    ],
    "epochs": 50,
    "batch_size": 32,
    "hidden_dim": 128,
    "graph_layers": 0,
    "pooling": "root",
    "dropout": 0.3,
    "lr": 0.001,
    "weight_decay": 0.0001,
    "seed": 42,
    "device": "auto",
    "num_workers": 0,
    "class_weight": "balanced",
    "output_dir": "outputs/ablations_pooling_splits/bert_only_no_graph_root_pool/seed_42",
    "patience": 10,
    "max_train_batches": null,
    "max_eval_batches": null,
    "no_reverse_edges": false
  }
}