{
  "best_epoch": 19,
  "best_val_macro_f1": 0.9797156955125282,
  "test": {
    "accuracy": 0.9597806215722121,
    "precision": 0.9842829076620825,
    "recall": 0.9329608938547486,
    "f1": 0.9579349904397706,
    "macro_precision": 0.9613722230618105,
    "macro_recall": 0.9592991183815933,
    "macro_f1": 0.9597030468836332,
    "auc": 0.987656673654086,
    "loss": 0.11892236718802392
  },
  "args": {
    "data_root": "database/data",
    "dataset": "gossipcop",
    "features": [
      "bert",
      "profile"
    ],
    "epochs": 50,
    "batch_size": 32,
    "hidden_dim": 128,
    "graph_layers": 0,
    "pooling": "mean",
    "dropout": 0.3,
    "lr": 0.001,
    "weight_decay": 0.0001,
    "seed": 42,
    "device": "auto",
    "num_workers": 0,
    "class_weight": "balanced",
    "output_dir": "outputs/ablations/bert_profile_no_graph_mean_pool/seed_42",
    "patience": 10,
    "max_train_batches": null,
    "max_eval_batches": null,
    "no_reverse_edges": false
  }
}