{
  "best_epoch": 17,
  "best_val_macro_f1": 0.5694444444444444,
  "test": {
    "accuracy": 0.75,
    "precision": 0.9166666666666666,
    "recall": 0.7857142857142857,
    "f1": 0.8461538461538461,
    "macro_precision": 0.5833333333333333,
    "macro_recall": 0.6428571428571428,
    "macro_f1": 0.5897435897435898,
    "auc": 0.7075892857142857,
    "loss": 0.44098085165023804
  },
  "args": {
    "data_root": "database/data",
    "dataset": "politifact",
    "features": [
      "bert",
      "profile"
    ],
    "epochs": 50,
    "batch_size": 32,
    "hidden_dim": 128,
    "graph_layers": 0,
    "dropout": 0.3,
    "lr": 0.001,
    "weight_decay": 0.0001,
    "seed": 42,
    "device": "cpu",
    "num_workers": 0,
    "class_weight": "balanced",
    "output_dir": "outputs/ablations/bert_profile_no_graph",
    "patience": 10,
    "max_train_batches": null,
    "max_eval_batches": null,
    "no_reverse_edges": false
  }
}