{
  "best_epoch": 38,
  "best_val_macro_f1": 0.9594895385071969,
  "val": {
    "accuracy": 0.9597069597069597,
    "precision": 0.9490196078431372,
    "recall": 0.9641434262948207,
    "f1": 0.9565217391304348,
    "macro_precision": 0.9590458863957954,
    "macro_recall": 0.9600378148423256,
    "macro_f1": 0.9594895385071969,
    "auc": 0.9761091228307112,
    "loss": 0.1699803697769172
  },
  "test": {
    "accuracy": 0.9405850091407678,
    "precision": 0.9229390681003584,
    "recall": 0.9590316573556797,
    "f1": 0.9406392694063926,
    "macro_precision": 0.9409471459904777,
    "macro_recall": 0.9409161877442671,
    "macro_f1": 0.9405849594973409,
    "auc": 0.9714685950606635,
    "loss": 0.21827721954161605
  },
  "args": {
    "data_root": "database/data",
    "dataset": "gossipcop",
    "features": [
      "profile"
    ],
    "epochs": 50,
    "batch_size": 32,
    "hidden_dim": 128,
    "graph_layers": 2,
    "pooling": "root",
    "dropout": 0.3,
    "lr": 0.001,
    "weight_decay": 0.0001,
    "seed": 44,
    "device": "auto",
    "num_workers": 0,
    "class_weight": "balanced",
    "output_dir": "outputs/ablations_pooling_splits/profile_only_graph_root_pool/seed_44",
    "patience": 10,
    "max_train_batches": null,
    "max_eval_batches": null,
    "no_reverse_edges": false
  }
}