{
  "best_epoch": 0,
  "best_val_macro_f1": 0.8021652043466629,
  "val": {
    "accuracy": 0.8040293040293041,
    "precision": 0.7975206611570248,
    "recall": 0.7689243027888446,
    "f1": 0.7829614604462475,
    "macro_precision": 0.8033655937364071,
    "macro_recall": 0.8014113039367952,
    "macro_f1": 0.8021652043466629,
    "auc": 0.8760280910257277
  },
  "test": {
    "accuracy": 0.7458866544789763,
    "precision": 0.7448015122873346,
    "recall": 0.7337057728119181,
    "f1": 0.7392120075046904,
    "macro_precision": 0.7458520835772956,
    "macro_recall": 0.7456679671959052,
    "macro_f1": 0.7457200857487801,
    "auc": 0.7948507065985979
  },
  "args": {
    "data_root": "database/data",
    "dataset": "gossipcop",
    "seed": 43,
    "class_weight": "balanced",
    "output_dir": "outputs/ablations/graph_size_control/seed_43",
    "max_iter": 1000,
    "features": [
      "graph_size"
    ],
    "graph_layers": 0,
    "pooling": "size_only",
    "trainer": "size_control",
    "size_features": [
      "node_count",
      "edge_count",
      "log_node_count",
      "log_edge_count",
      "edge_per_node"
    ]
  }
}