{
  "best_epoch": 46,
  "best_val_macro_f1": 0.872909744126031,
  "val": {
    "accuracy": 0.8736263736263736,
    "precision": 0.8582677165354331,
    "recall": 0.8685258964143426,
    "f1": 0.8633663366336634,
    "macro_precision": 0.872627008952648,
    "macro_recall": 0.873245999054629,
    "macro_f1": 0.872909744126031,
    "auc": 0.9301640894050914,
    "loss": 0.3339753693495041
  },
  "test": {
    "accuracy": 0.8418647166361974,
    "precision": 0.8215547703180212,
    "recall": 0.8659217877094972,
    "f1": 0.843155031731641,
    "macro_precision": 0.8425955669771924,
    "macro_recall": 0.8422966209642639,
    "macro_f1": 0.841854013561673,
    "auc": 0.9109889705759439,
    "loss": 0.3821433770386894
  },
  "args": {
    "data_root": "database/data",
    "dataset": "gossipcop",
    "features": [
      "profile"
    ],
    "epochs": 50,
    "batch_size": 32,
    "hidden_dim": 128,
    "graph_layers": 0,
    "pooling": "root",
    "dropout": 0.3,
    "lr": 0.001,
    "weight_decay": 0.0001,
    "seed": 42,
    "device": "auto",
    "num_workers": 0,
    "class_weight": "balanced",
    "output_dir": "outputs/ablations_pooling_splits/profile_only_no_graph_root_pool/seed_42",
    "patience": 10,
    "max_train_batches": null,
    "max_eval_batches": null,
    "no_reverse_edges": false
  }
}