{
  "best_epoch": 0,
  "best_val_macro_f1": 0.3541666666666667,
  "val": {
    "accuracy": 0.5483870967741935,
    "precision": 0.8947368421052632,
    "recall": 0.5862068965517241,
    "f1": 0.7083333333333334,
    "macro_precision": 0.4473684210526316,
    "macro_recall": 0.29310344827586204,
    "macro_f1": 0.3541666666666667,
    "auc": 0.3275862068965517
  },
  "test": {
    "accuracy": 0.578125,
    "precision": 0.9142857142857143,
    "recall": 0.5714285714285714,
    "f1": 0.7032967032967034,
    "macro_precision": 0.5433497536945813,
    "macro_recall": 0.5982142857142857,
    "macro_f1": 0.4867834867834868,
    "auc": 0.6796875
  },
  "args": {
    "data_root": "database/data",
    "dataset": "politifact",
    "seed": 42,
    "class_weight": "balanced",
    "output_dir": "outputs/ablations/graph_size_control/seed_42",
    "max_iter": 1000,
    "features": [
      "graph_size"
    ],
    "graph_layers": 0,
    "pooling": "size_only",
    "trainer": "size_control",
    "size_features": [
      "node_count",
      "edge_count",
      "log_node_count",
      "log_edge_count",
      "edge_per_node"
    ]
  }
}