{
  "best_epoch": 8,
  "best_val_macro_f1": 0.7327586206896552,
  "val": {
    "accuracy": 0.9354838709677419,
    "precision": 0.9655172413793104,
    "recall": 0.9655172413793104,
    "f1": 0.9655172413793104,
    "macro_precision": 0.7327586206896552,
    "macro_recall": 0.7327586206896552,
    "macro_f1": 0.7327586206896552,
    "auc": 0.8275862068965518,
    "loss": 0.31341418623924255
  },
  "test": {
    "accuracy": 0.859375,
    "precision": 0.8983050847457628,
    "recall": 0.9464285714285714,
    "f1": 0.9217391304347826,
    "macro_precision": 0.6491525423728814,
    "macro_recall": 0.5982142857142857,
    "macro_f1": 0.6147157190635452,
    "auc": 0.33035714285714285,
    "loss": 0.3791438937187195
  },
  "args": {
    "data_root": "database/data",
    "dataset": "politifact",
    "features": [
      "profile"
    ],
    "epochs": 50,
    "batch_size": 32,
    "hidden_dim": 128,
    "graph_layers": 2,
    "pooling": "mean",
    "dropout": 0.3,
    "lr": 0.001,
    "weight_decay": 0.0001,
    "seed": 43,
    "device": "auto",
    "num_workers": 0,
    "class_weight": "balanced",
    "output_dir": "outputs/ablations_pooling_splits/profile_only_graph_mean_pool/seed_43",
    "patience": 10,
    "max_train_batches": null,
    "max_eval_batches": null,
    "no_reverse_edges": false
  }
}