{
  "best_epoch": 6,
  "best_val_macro_f1": 0.5694444444444444,
  "val": {
    "accuracy": 0.8064516129032258,
    "precision": 0.96,
    "recall": 0.8275862068965517,
    "f1": 0.8888888888888888,
    "macro_precision": 0.5633333333333334,
    "macro_recall": 0.6637931034482758,
    "macro_f1": 0.5694444444444444,
    "auc": 0.7241379310344828,
    "loss": 0.5517907738685608
  },
  "test": {
    "accuracy": 0.71875,
    "precision": 0.8653846153846154,
    "recall": 0.8035714285714286,
    "f1": 0.8333333333333334,
    "macro_precision": 0.4743589743589744,
    "macro_recall": 0.4642857142857143,
    "macro_f1": 0.4666666666666667,
    "auc": 0.3638392857142857,
    "loss": 0.6039542257785797
  },
  "args": {
    "data_root": "database/data",
    "dataset": "politifact",
    "features": [
      "profile"
    ],
    "epochs": 50,
    "batch_size": 32,
    "hidden_dim": 128,
    "graph_layers": 0,
    "pooling": "root",
    "dropout": 0.3,
    "lr": 0.001,
    "weight_decay": 0.0001,
    "seed": 42,
    "device": "auto",
    "num_workers": 0,
    "class_weight": "balanced",
    "output_dir": "outputs/ablations_pooling_splits/profile_only_no_graph_root_pool/seed_42",
    "patience": 10,
    "max_train_batches": null,
    "max_eval_batches": null,
    "no_reverse_edges": false
  }
}