{
  "best_epoch": 30,
  "best_val_macro_f1": 0.970504422986022,
  "test": {
    "accuracy": 0.9579524680073126,
    "precision": 0.9640831758034026,
    "recall": 0.9497206703910615,
    "f1": 0.9568480300187617,
    "macro_precision": 0.9581477825919669,
    "macro_recall": 0.957804679899301,
    "macro_f1": 0.957924906274978,
    "auc": 0.9816521736223249,
    "loss": 0.1627662432613277
  },
  "args": {
    "data_root": "database/data",
    "dataset": "gossipcop",
    "features": [
      "profile"
    ],
    "epochs": 50,
    "batch_size": 32,
    "hidden_dim": 128,
    "graph_layers": 2,
    "pooling": "mean_max",
    "dropout": 0.3,
    "lr": 0.001,
    "weight_decay": 0.0001,
    "seed": 43,
    "device": "auto",
    "num_workers": 0,
    "class_weight": "balanced",
    "output_dir": "outputs/ablations/profile_only_graph/seed_43",
    "patience": 10,
    "max_train_batches": null,
    "max_eval_batches": null,
    "no_reverse_edges": false
  }
}