{
  "best_epoch": 8,
  "best_val_macro_f1": 0.7327586206896552,
  "val": {
    "accuracy": 0.9354838709677419,
    "precision": 0.9655172413793104,
    "recall": 0.9655172413793104,
    "f1": 0.9655172413793104,
    "macro_precision": 0.7327586206896552,
    "macro_recall": 0.7327586206896552,
    "macro_f1": 0.7327586206896552,
    "auc": 0.8275862068965518,
    "loss": 0.3324167728424072
  },
  "test": {
    "accuracy": 0.78125,
    "precision": 0.8620689655172413,
    "recall": 0.8928571428571429,
    "f1": 0.8771929824561403,
    "macro_precision": 0.43103448275862066,
    "macro_recall": 0.44642857142857145,
    "macro_f1": 0.43859649122807015,
    "auc": 0.3995535714285714,
    "loss": 0.46869270503520966
  },
  "args": {
    "data_root": "database/data",
    "dataset": "politifact",
    "features": [
      "profile"
    ],
    "epochs": 50,
    "batch_size": 32,
    "hidden_dim": 128,
    "graph_layers": 0,
    "pooling": "mean",
    "dropout": 0.3,
    "lr": 0.001,
    "weight_decay": 0.0001,
    "seed": 43,
    "device": "auto",
    "num_workers": 0,
    "class_weight": "balanced",
    "output_dir": "outputs/ablations_pooling_splits/profile_only_no_graph_mean_pool/seed_43",
    "patience": 10,
    "max_train_batches": null,
    "max_eval_batches": null,
    "no_reverse_edges": false
  }
}