{
  "best_epoch": 15,
  "best_val_macro_f1": 0.977891156462585,
  "test": {
    "accuracy": 0.9680073126142597,
    "precision": 0.9613970588235294,
    "recall": 0.9739292364990689,
    "f1": 0.967622571692877,
    "macro_precision": 0.967971256684492,
    "macro_recall": 0.9681136308168594,
    "macro_f1": 0.968002794428191,
    "auc": 0.9881715361289697,
    "loss": 0.11305950213158997
  },
  "args": {
    "data_root": "database/data",
    "dataset": "gossipcop",
    "features": [
      "bert",
      "profile"
    ],
    "epochs": 50,
    "batch_size": 32,
    "hidden_dim": 128,
    "graph_layers": 0,
    "pooling": "mean",
    "dropout": 0.3,
    "lr": 0.001,
    "weight_decay": 0.0001,
    "seed": 44,
    "device": "auto",
    "num_workers": 0,
    "class_weight": "balanced",
    "output_dir": "outputs/ablations/bert_profile_no_graph_mean_pool/seed_44",
    "patience": 10,
    "max_train_batches": null,
    "max_eval_batches": null,
    "no_reverse_edges": false
  }
}