{
  "best_epoch": 9,
  "best_val_macro_f1": 0.8248587570621468,
  "val": {
    "accuracy": 0.967741935483871,
    "precision": 0.9666666666666667,
    "recall": 1.0,
    "f1": 0.9830508474576272,
    "macro_precision": 0.9833333333333334,
    "macro_recall": 0.75,
    "macro_f1": 0.8248587570621468,
    "auc": 0.8275862068965517,
    "loss": 0.20433667302131653
  },
  "test": {
    "accuracy": 0.875,
    "precision": 0.8870967741935484,
    "recall": 0.9821428571428571,
    "f1": 0.9322033898305084,
    "macro_precision": 0.6935483870967742,
    "macro_recall": 0.5535714285714286,
    "macro_f1": 0.5661016949152542,
    "auc": 0.9129464285714286,
    "loss": 0.21842073649168015
  },
  "args": {
    "data_root": "database/data",
    "dataset": "politifact",
    "features": [
      "bert"
    ],
    "epochs": 50,
    "batch_size": 32,
    "hidden_dim": 128,
    "graph_layers": 2,
    "pooling": "mean",
    "dropout": 0.3,
    "lr": 0.001,
    "weight_decay": 0.0001,
    "seed": 43,
    "device": "auto",
    "num_workers": 0,
    "class_weight": "balanced",
    "output_dir": "outputs/ablations_pooling_splits/bert_only_graph_mean_pool/seed_43",
    "patience": 10,
    "max_train_batches": null,
    "max_eval_batches": null,
    "no_reverse_edges": false
  }
}