{
  "best_epoch": 4,
  "best_val_macro_f1": 0.7926910299003322,
  "val": {
    "accuracy": 0.7948717948717948,
    "precision": 0.7907949790794979,
    "recall": 0.7529880478087649,
    "f1": 0.7714285714285715,
    "macro_precision": 0.7944202908426805,
    "macro_recall": 0.7917482611925181,
    "macro_f1": 0.7926910299003322,
    "auc": 0.8691201296508879,
    "loss": 0.44368933812602535
  },
  "test": {
    "accuracy": 0.7504570383912249,
    "precision": 0.7986425339366516,
    "recall": 0.6573556797020484,
    "f1": 0.7211440245148111,
    "macro_precision": 0.7582169724897982,
    "macro_recall": 0.748785559779211,
    "macro_f1": 0.7476687864509539,
    "auc": 0.8424086202688652,
    "loss": 0.4916209658059603
  },
  "args": {
    "data_root": "database/data",
    "dataset": "gossipcop",
    "features": [
      "bert"
    ],
    "epochs": 50,
    "batch_size": 32,
    "hidden_dim": 128,
    "graph_layers": 0,
    "pooling": "root",
    "dropout": 0.3,
    "lr": 0.001,
    "weight_decay": 0.0001,
    "seed": 43,
    "device": "auto",
    "num_workers": 0,
    "class_weight": "balanced",
    "output_dir": "outputs/ablations_pooling_splits/bert_only_no_graph_root_pool/seed_43",
    "patience": 10,
    "max_train_batches": null,
    "max_eval_batches": null,
    "no_reverse_edges": false
  }
}