{
  "best_epoch": 8,
  "best_val_macro_f1": 0.7327586206896552,
  "val": {
    "accuracy": 0.9354838709677419,
    "precision": 0.9655172413793104,
    "recall": 0.9655172413793104,
    "f1": 0.9655172413793104,
    "macro_precision": 0.7327586206896552,
    "macro_recall": 0.7327586206896552,
    "macro_f1": 0.7327586206896552,
    "auc": 0.8448275862068966,
    "loss": 0.2185092717409134
  },
  "test": {
    "accuracy": 0.96875,
    "precision": 0.9821428571428571,
    "recall": 0.9821428571428571,
    "f1": 0.9821428571428571,
    "macro_precision": 0.9285714285714286,
    "macro_recall": 0.9285714285714286,
    "macro_f1": 0.9285714285714286,
    "auc": 0.9955357142857143,
    "loss": 0.132839173078537
  },
  "args": {
    "data_root": "database/data",
    "dataset": "politifact",
    "features": [
      "bert"
    ],
    "epochs": 50,
    "batch_size": 32,
    "hidden_dim": 128,
    "graph_layers": 0,
    "pooling": "root",
    "dropout": 0.3,
    "lr": 0.001,
    "weight_decay": 0.0001,
    "seed": 42,
    "device": "auto",
    "num_workers": 0,
    "class_weight": "balanced",
    "output_dir": "outputs/ablations_pooling_splits/bert_only_no_graph_root_pool/seed_42",
    "patience": 10,
    "max_train_batches": null,
    "max_eval_batches": null,
    "no_reverse_edges": false
  }
}