{
  "best_epoch": 9,
  "best_val_macro_f1": 0.7327586206896552,
  "val": {
    "accuracy": 0.9354838709677419,
    "precision": 0.9655172413793104,
    "recall": 0.9655172413793104,
    "f1": 0.9655172413793104,
    "macro_precision": 0.7327586206896552,
    "macro_recall": 0.7327586206896552,
    "macro_f1": 0.7327586206896552,
    "auc": 0.8275862068965518,
    "loss": 0.36914223432540894
  },
  "test": {
    "accuracy": 0.765625,
    "precision": 0.8596491228070176,
    "recall": 0.875,
    "f1": 0.8672566371681416,
    "macro_precision": 0.4298245614035088,
    "macro_recall": 0.4375,
    "macro_f1": 0.4336283185840708,
    "auc": 0.28348214285714285,
    "loss": 0.482781320810318
  },
  "args": {
    "data_root": "database/data",
    "dataset": "politifact",
    "features": [
      "profile"
    ],
    "epochs": 50,
    "batch_size": 32,
    "hidden_dim": 128,
    "graph_layers": 0,
    "pooling": "mean",
    "dropout": 0.3,
    "lr": 0.001,
    "weight_decay": 0.0001,
    "seed": 44,
    "device": "auto",
    "num_workers": 0,
    "class_weight": "balanced",
    "output_dir": "outputs/ablations_pooling_splits/profile_only_no_graph_mean_pool/seed_44",
    "patience": 10,
    "max_train_batches": null,
    "max_eval_batches": null,
    "no_reverse_edges": false
  }
}