{
  "best_epoch": 13,
  "best_val_macro_f1": 0.9778783172395165,
  "test": {
    "accuracy": 0.9378427787934186,
    "precision": 0.9271402550091075,
    "recall": 0.9478584729981379,
    "f1": 0.9373848987108656,
    "macro_precision": 0.9378820541100583,
    "macro_recall": 0.9380225937701641,
    "macro_f1": 0.9378394548000789,
    "auc": 0.9766707120146836,
    "loss": 0.2163373762894919
  },
  "args": {
    "data_root": "database/data",
    "dataset": "gossipcop",
    "features": [
      "bert",
      "profile"
    ],
    "epochs": 50,
    "batch_size": 32,
    "hidden_dim": 128,
    "graph_layers": 0,
    "pooling": "mean_max",
    "dropout": 0.3,
    "lr": 0.001,
    "weight_decay": 0.0001,
    "seed": 43,
    "device": "auto",
    "num_workers": 0,
    "class_weight": "balanced",
    "output_dir": "outputs/ablations/bert_profile_no_graph/seed_43",
    "patience": 10,
    "max_train_batches": null,
    "max_eval_batches": null,
    "no_reverse_edges": false
  }
}