{
  "best_epoch": 49,
  "best_val_macro_f1": 0.9500425292536878,
  "val": {
    "accuracy": 0.9505494505494505,
    "precision": 0.9666666666666667,
    "recall": 0.9243027888446215,
    "f1": 0.945010183299389,
    "macro_precision": 0.9522875816993464,
    "macro_recall": 0.9485920723884125,
    "macro_f1": 0.9500425292536878,
    "auc": 0.9770409885880209,
    "loss": 0.1780726603870263
  },
  "test": {
    "accuracy": 0.9277879341864717,
    "precision": 0.9525691699604744,
    "recall": 0.8975791433891993,
    "f1": 0.9242569511025887,
    "macro_precision": 0.929515877497244,
    "macro_recall": 0.9272455860572568,
    "macro_f1": 0.9276306589574079,
    "auc": 0.9723311568692348,
    "loss": 0.21890939490859426
  },
  "args": {
    "data_root": "database/data",
    "dataset": "gossipcop",
    "features": [
      "profile"
    ],
    "epochs": 50,
    "batch_size": 32,
    "hidden_dim": 128,
    "graph_layers": 0,
    "pooling": "mean",
    "dropout": 0.3,
    "lr": 0.001,
    "weight_decay": 0.0001,
    "seed": 43,
    "device": "auto",
    "num_workers": 0,
    "class_weight": "balanced",
    "output_dir": "outputs/ablations_pooling_splits/profile_only_no_graph_mean_pool/seed_43",
    "patience": 10,
    "max_train_batches": null,
    "max_eval_batches": null,
    "no_reverse_edges": false
  }
}