{
  "best_epoch": 20,
  "best_val_macro_f1": 0.6736842105263158,
  "val": {
    "accuracy": 0.9032258064516129,
    "precision": 0.9642857142857143,
    "recall": 0.9310344827586207,
    "f1": 0.9473684210526315,
    "macro_precision": 0.6488095238095238,
    "macro_recall": 0.7155172413793103,
    "macro_f1": 0.6736842105263158,
    "auc": 0.7758620689655172,
    "loss": 0.406543493270874
  },
  "test": {
    "accuracy": 0.75,
    "precision": 0.8703703703703703,
    "recall": 0.8392857142857143,
    "f1": 0.8545454545454545,
    "macro_precision": 0.48518518518518516,
    "macro_recall": 0.48214285714285715,
    "macro_f1": 0.48282828282828283,
    "auc": 0.37276785714285715,
    "loss": 0.5267566740512848
  },
  "args": {
    "data_root": "database/data",
    "dataset": "politifact",
    "features": [
      "profile"
    ],
    "epochs": 50,
    "batch_size": 32,
    "hidden_dim": 128,
    "graph_layers": 0,
    "pooling": "root",
    "dropout": 0.3,
    "lr": 0.001,
    "weight_decay": 0.0001,
    "seed": 44,
    "device": "auto",
    "num_workers": 0,
    "class_weight": "balanced",
    "output_dir": "outputs/ablations_pooling_splits/profile_only_no_graph_root_pool/seed_44",
    "patience": 10,
    "max_train_batches": null,
    "max_eval_batches": null,
    "no_reverse_edges": false
  }
}