{
  "best_epoch": 5,
  "best_val_macro_f1": 0.7327586206896552,
  "val": {
    "accuracy": 0.9354838709677419,
    "precision": 0.9655172413793104,
    "recall": 0.9655172413793104,
    "f1": 0.9655172413793104,
    "macro_precision": 0.7327586206896552,
    "macro_recall": 0.7327586206896552,
    "macro_f1": 0.7327586206896552,
    "auc": 0.9137931034482758,
    "loss": 0.23807142674922943
  },
  "test": {
    "accuracy": 0.9375,
    "precision": 0.9814814814814815,
    "recall": 0.9464285714285714,
    "f1": 0.9636363636363636,
    "macro_precision": 0.8407407407407408,
    "macro_recall": 0.9107142857142857,
    "macro_f1": 0.8707070707070708,
    "auc": 0.984375,
    "loss": 0.1909339427947998
  },
  "args": {
    "data_root": "database/data",
    "dataset": "politifact",
    "features": [
      "bert"
    ],
    "epochs": 50,
    "batch_size": 32,
    "hidden_dim": 128,
    "graph_layers": 0,
    "pooling": "root",
    "dropout": 0.3,
    "lr": 0.001,
    "weight_decay": 0.0001,
    "seed": 43,
    "device": "auto",
    "num_workers": 0,
    "class_weight": "balanced",
    "output_dir": "outputs/ablations_pooling_splits/bert_only_no_graph_root_pool/seed_43",
    "patience": 10,
    "max_train_batches": null,
    "max_eval_batches": null,
    "no_reverse_edges": false
  }
}