{
  "best_epoch": 8,
  "best_val_macro_f1": 0.7327586206896552,
  "test": {
    "accuracy": 0.84375,
    "precision": 0.896551724137931,
    "recall": 0.9285714285714286,
    "f1": 0.9122807017543859,
    "macro_precision": 0.6149425287356322,
    "macro_recall": 0.5892857142857143,
    "macro_f1": 0.5989974937343359,
    "auc": 0.7946428571428572,
    "loss": 0.29741495847702026
  },
  "args": {
    "data_root": "database/data",
    "dataset": "politifact",
    "features": [
      "bert",
      "profile"
    ],
    "epochs": 50,
    "batch_size": 32,
    "hidden_dim": 128,
    "graph_layers": 2,
    "dropout": 0.3,
    "lr": 0.001,
    "weight_decay": 0.0001,
    "seed": 42,
    "device": "cpu",
    "num_workers": 0,
    "class_weight": "balanced",
    "output_dir": "outputs/ablations/bert_profile_graph",
    "patience": 10,
    "max_train_batches": null,
    "max_eval_batches": null,
    "no_reverse_edges": false
  }
}