{
  "best_epoch": 12,
  "best_val_macro_f1": 0.9834037508738867,
  "test": {
    "accuracy": 0.9414990859232175,
    "precision": 0.9276672694394213,
    "recall": 0.9553072625698324,
    "f1": 0.9412844036697248,
    "macro_precision": 0.9416524886938327,
    "macro_recall": 0.9417469885560114,
    "macro_f1": 0.9414983038385054,
    "auc": 0.9784192384715938,
    "loss": 0.17664916216782287
  },
  "args": {
    "data_root": "database/data",
    "dataset": "gossipcop",
    "features": [
      "bert",
      "profile"
    ],
    "epochs": 50,
    "batch_size": 32,
    "hidden_dim": 128,
    "graph_layers": 2,
    "pooling": "mean_max",
    "dropout": 0.3,
    "lr": 0.001,
    "weight_decay": 0.0001,
    "seed": 42,
    "device": "auto",
    "num_workers": 0,
    "class_weight": "balanced",
    "output_dir": "outputs/ablations/bert_profile_graph/seed_42",
    "patience": 10,
    "max_train_batches": null,
    "max_eval_batches": null,
    "no_reverse_edges": false
  }
}