{
  "best_epoch": 30,
  "best_val_macro_f1": 0.9042983496925898,
  "test": {
    "accuracy": 0.8656307129798904,
    "precision": 0.8482142857142857,
    "recall": 0.8845437616387337,
    "f1": 0.8659981768459435,
    "macro_precision": 0.866054708400214,
    "macro_recall": 0.865970265020444,
    "macro_f1": 0.865629702538462,
    "auc": 0.9410348735745162,
    "loss": 0.3476068892156947
  },
  "args": {
    "data_root": "database/data",
    "dataset": "gossipcop",
    "features": [
      "bert",
      "profile"
    ],
    "epochs": 50,
    "batch_size": 32,
    "hidden_dim": 128,
    "graph_layers": 0,
    "pooling": "root",
    "dropout": 0.3,
    "lr": 0.001,
    "weight_decay": 0.0001,
    "seed": 42,
    "device": "auto",
    "num_workers": 0,
    "class_weight": "balanced",
    "output_dir": "outputs/ablations/bert_profile_no_graph_root_pool/seed_42",
    "patience": 10,
    "max_train_batches": null,
    "max_eval_batches": null,
    "no_reverse_edges": false
  }
}