{
  "best_epoch": 11,
  "best_val_macro_f1": 0.9797156955125282,
  "test": {
    "accuracy": 0.9606946983546618,
    "precision": 0.9574074074074074,
    "recall": 0.962756052141527,
    "f1": 0.9600742804085423,
    "macro_precision": 0.9606531621874582,
    "macro_recall": 0.9607317065016432,
    "macro_f1": 0.9606852050107517,
    "auc": 0.9861087429666107,
    "loss": 0.12843658294276739
  },
  "args": {
    "data_root": "database/data",
    "dataset": "gossipcop",
    "features": [
      "bert",
      "profile"
    ],
    "epochs": 50,
    "batch_size": 32,
    "hidden_dim": 128,
    "graph_layers": 0,
    "dropout": 0.3,
    "lr": 0.001,
    "weight_decay": 0.0001,
    "seed": 42,
    "device": "cpu",
    "num_workers": 0,
    "class_weight": "balanced",
    "output_dir": "outputs/ablations/bert_profile_no_graph",
    "patience": 10,
    "max_train_batches": null,
    "max_eval_batches": null,
    "no_reverse_edges": false
  }
}