{
  "best_epoch": 6,
  "best_val_macro_f1": 0.9797392345708165,
  "test": {
    "accuracy": 0.9488117001828154,
    "precision": 0.9302325581395349,
    "recall": 0.9683426443202979,
    "f1": 0.948905109489051,
    "macro_precision": 0.9492284286024777,
    "macro_recall": 0.9491623454994668,
    "macro_f1": 0.9488115291034999,
    "auc": 0.979258397440398,
    "loss": 0.1554148636717465
  },
  "args": {
    "data_root": "database/data",
    "dataset": "gossipcop",
    "features": [
      "bert",
      "profile"
    ],
    "epochs": 50,
    "batch_size": 32,
    "hidden_dim": 128,
    "graph_layers": 0,
    "pooling": "mean_max",
    "dropout": 0.3,
    "lr": 0.001,
    "weight_decay": 0.0001,
    "seed": 42,
    "device": "auto",
    "num_workers": 0,
    "class_weight": "balanced",
    "output_dir": "outputs/ablations/bert_profile_no_graph/seed_42",
    "patience": 10,
    "max_train_batches": null,
    "max_eval_batches": null,
    "no_reverse_edges": false
  }
}