{
  "best_epoch": 20,
  "best_val_macro_f1": 0.6131907308377897,
  "val": {
    "accuracy": 0.7741935483870968,
    "precision": 1.0,
    "recall": 0.7586206896551724,
    "f1": 0.8627450980392157,
    "macro_precision": 0.6111111111111112,
    "macro_recall": 0.8793103448275862,
    "macro_f1": 0.6131907308377897,
    "auc": 0.8103448275862069,
    "loss": 0.5773473978042603
  },
  "test": {
    "accuracy": 0.609375,
    "precision": 0.8604651162790697,
    "recall": 0.6607142857142857,
    "f1": 0.7474747474747475,
    "macro_precision": 0.4778516057585825,
    "macro_recall": 0.45535714285714285,
    "macro_f1": 0.44270289097875304,
    "auc": 0.4330357142857143,
    "loss": 0.6702404916286469
  },
  "args": {
    "data_root": "database/data",
    "dataset": "politifact",
    "features": [
      "profile"
    ],
    "epochs": 50,
    "batch_size": 32,
    "hidden_dim": 128,
    "graph_layers": 2,
    "pooling": "root",
    "dropout": 0.3,
    "lr": 0.001,
    "weight_decay": 0.0001,
    "seed": 42,
    "device": "auto",
    "num_workers": 0,
    "class_weight": "balanced",
    "output_dir": "outputs/ablations_pooling_splits/profile_only_graph_root_pool/seed_42",
    "patience": 10,
    "max_train_batches": null,
    "max_eval_batches": null,
    "no_reverse_edges": false
  }
}