{
  "best_epoch": 9,
  "best_val_macro_f1": 0.976068376068376,
  "test": {
    "accuracy": 0.9488117001828154,
    "precision": 0.9512195121951219,
    "recall": 0.9441340782122905,
    "f1": 0.9476635514018692,
    "macro_precision": 0.9488717881831225,
    "macro_recall": 0.948727721332357,
    "macro_f1": 0.9487870529817932,
    "auc": 0.9774630653039528,
    "loss": 0.19551874873938355
  },
  "args": {
    "data_root": "database/data",
    "dataset": "gossipcop",
    "features": [
      "bert",
      "profile"
    ],
    "epochs": 50,
    "batch_size": 32,
    "hidden_dim": 128,
    "graph_layers": 2,
    "pooling": "root",
    "dropout": 0.3,
    "lr": 0.001,
    "weight_decay": 0.0001,
    "seed": 44,
    "device": "auto",
    "num_workers": 0,
    "class_weight": "balanced",
    "output_dir": "outputs/ablations/bert_profile_graph_root_pool/seed_44",
    "patience": 10,
    "max_train_batches": null,
    "max_eval_batches": null,
    "no_reverse_edges": false
  }
}